{
    "transformation_matrix": [
        [
            -0.0842320632934569,
            0.9282584762573239
        ],
        [
            0.6744967269897464,
            0.051643314361572434
        ]
    ],
    "A": -0.084232,
    "B": 0.928258,
    "C": 0.674497,
    "D": 0.051643,
    "robot_base_x_mm": 169.517,
    "robot_base_y_mm": 2.428,
    "calibration_points_used": 4
}