{
    "transformation_matrix": [
        [
            -0.870570883750916,
            0.00872648715972879
        ],
        [
            0.009434890747070657,
            0.9332242584228512
        ]
    ],
    "A": -0.870571,
    "B": 0.008726,
    "C": 0.009435,
    "D": 0.933224,
    "robot_base_x_mm": 39.14,
    "robot_base_y_mm": 206.213,
    "calibration_points_used": 4
}