{
    "transformation_matrix": [
        [
            -0.9300012588500981,
            0.09021318435668912
        ],
        [
            0.11058616638183605,
            0.9424100494384762
        ]
    ],
    "A": -0.930001,
    "B": 0.090213,
    "C": 0.110586,
    "D": 0.94241,
    "robot_base_x_mm": 18.145,
    "robot_base_y_mm": 233.308,
    "calibration_points_used": 4
}